key,name,description,rating,rating_count,ingredients
0_breyers,Natural Vanilla,"Our Original Vanilla Ice Cream. The way vanilla should taste! Breyers® Natural Vanilla is made with fresh cream, sugar, milk, and Rainforest Alliance Certified vanilla beans. Made with non-GMO sourced ingredients. Its distinctive taste brings out the natural goodness of your favorite fresh fruit desserts, like classic Apple Pie a la Mode or Peach Cobbler.

When William Breyer started his small ice cream business in Philadelphia in 1866, he based his recipes around simple and pure ingredients. Breyers® Natural Vanilla ice cream today still holds true to his ideals. What could be simpler than using ingredients like fresh cream, sugar, and milk? To make things even sweeter, the milk and cream are 100% Grade A and come from American cows not treated with artificial growth hormones*. We partner with our farmers all over America because milk and fresh cream are so important in one of our most popular ice cream flavors and the taste you love. We believe that the quality of our ingredients makes the most delicious vanilla ice cream.

Do you see those specks? Those are real vanilla beans. That heavenly vanilla in Natural Vanilla is also 100% sustainably sourced, so you can enjoy it even more, knowing that you’re supporting farmers and their families in Madagascar through our partnership with the Rainforest Alliance. We believe that the quality of our ingredients makes the most delicious vanilla ice cream.

Try Breyers® Natural Vanilla yourself and see if those vanilla specks and refreshing milk and cream can scoop up some smiles in your family. Want to give your dessert a twist? Check out our recipes at for fun and easy ideas!

*The FDA states that no significant difference has been shown between dairy derived from rBST-treated and non-rBST-treated cows.",4.1,467,"MILK, CREAM, SUGAR, VEGETABLE GUM (TARA), NATURAL FLAVOR"
1_breyers,Homemade Vanilla,"Breyers® Homemade Vanilla ice cream is thick and smooth like it was just churned. It’s how homemade should taste, which makes it the perfect pairing to your favorite homemade treats. Try it with any one of our favorite recipes, like Rice Cereal Treat Ice Cream Sandwiches, Chocolate Chip Ice Cream Pies, or even a Banana Split Ice Cream Cake! Check out for more ideas!

Part of how we make Breyers® Homemade Vanilla so good is the high quality ingredients that we put in. We start with 100% Grade A milk and cream from American cows not treated with artificial growth hormones*. We partner with our farmers all over the U.S. because milk and fresh cream are so important in our ice cream flavors and the taste you love. We pledge to use only flavors and colors from natural sources, and sustainably farmed fruit and vanilla.

Give it a try and leave us a review at or follow us @Breyers on Instagram!

*The FDA states that no significant difference has been shown between dairy derived from rBST-treated and non-rBST-treated cows. Breyers® Homemade Vanilla ice cream is thick and smooth like it was just churned.",4.4,98,"MILK, CREAM, SUGAR, CORN SYRUP, WHEY, EGG YOLKS, VEGETABLE GUMS, CAROB BEAN, TARA, GUAR, MONO AND DIGLYCERIDES, SALT, NATURAL FLAVOR, ANNATTO (FOR COLOR)"
2_breyers,Extra Creamy Vanilla,"Breyers® Extra Creamy Vanilla is our creamiest vanilla. Fresh cream and sweet vanilla come together to make your favorite treat creamier than ever before! Add it to Brownie Bowl Sundaes, Hot Fudge Sundaes, or blend it into a Creamy Mojito Shake. Extra Creamy Vanilla makes them all extra dreamy.

Part of our secret, is the quality of the milk and cream that we use to make our ice cream desserts! We start with 100% Grade A milk and cream from American cows not treated with artificial growth hormones*. We partner with our farmers all over the U.S. because milk and fresh cream are so important in our ice cream flavors and the taste you love.

Try Breyers® Extra Creamy Vanilla yourself and see if you that vanilla and refreshing milk and cream can scoop up some smiles in your family. Want to give your dessert a twist? Check out our recipes at for fun and easy ideas! Or follow us @Breyers on Instagram!

*The FDA states that no significant difference has been shown between dairy derived from rBST-treated and non-rBST-treated cows.",4.4,59,"MILK, SUGAR, CORN SYRUP, CREAM, WHEY, VEGETABLE GUMS, CAROB BEAN, GUAR, TARA, MONO AND DIGLYCERIDES, NATURAL FLAVOR, ANNATTO (FOR COLOR), VITAMIN A PALMITATE"
3_breyers,Chocolate,"Dig into a mouth-watering scoop of Breyers® Chocolate ice cream to find out why it's America's favorite. Rich, creamy ice cream with just the right amount of sweetness and real cocoa! Who can resist our Breyers® Chocolate ice cream? That fresh cream taste in Breyers® Chocolate ice cream is thanks in part to our partnerships with American farmers, who ensure the highest quality of dairy for our desserts.

And that rich chocolate satisfying your taste buds? That’s real cocoa we use. In fact, we only use real ingredients and colors and flavors from natural sources. Starting with real high quality ingredients is what we think makes the best chocolate ice cream.

Try it and see if you agree! Or give Breyers® Chocolate a twist with one of our fun recipes at .",4.7,225,"MILK, CREAM, SUGAR, DUTCHED COCOA (PROCESSED WITH ALKALI), WHEY, VEGETABLE GUM (TARA), NATURAL FLAVOR"
4_breyers,Natural Strawberry,"Sun-ripened California strawberries – so good! AND swirled around in delicious Breyers® ice cream? What could be better? Our Breyers® Natural Strawberry ice cream is packed with strawberries picked at the peak of happiness!

Did we mention that our strawberries are also 100% sustainably sourced? Our Natural Strawberry is delicious all around. We start with ingredients like milk, fresh cream, sugar and strawberries to give you a delicious ice cream. Our strawberries are pretty great, but our milk and cream is special too! We only use 100% Grade A milk and cream from American cows not treated with artificial growth hormones*. And to boot we use colors and flavors from natural sources and sustainable vanilla from Madagascar. Breyers® Strawberry is also made with Non-GMO sourced ingredients!

Give Breyers® Natural Strawberry ice cream a try and leave us a review at or follow us @Breyers on Instagram!

*The FDA states that no significant difference has been shown between dairy derived from rBST-treated and non-rBST-treated cows.",4.5,123,"MILK, STRAWBERRIES, CREAM, SUGAR, WHEY, VEGETABLE GUM (TARA)"
5_breyers,Mint Chocolate Chip,"Cool, white mint ice cream with the real taste of mint and rich chocolatey chips – that’s what Breyers® Mint Chocolate Chip ice cream is all about. A classic dessert! And the perfect combination of mint flavor and rich chocolatey chips for your taste buds to enjoy.

What really makes our Breyers® Mint Chocolate Chip so special is our real mint extract. In fact, we pledge to use only colors and flavors from natural sources and sustainable vanilla. We care a lot about our dairy and that’s why we use 100% Grade A milk and cream from American cows not treated with artificial growth hormones*.

Try Breyers® Mint Chocolate Chip and let us know if you agree that it’s the best! Leave us a review at or follow us @Breyers on Instagram.

*The FDA states that no significant difference has been shown between dairy derived from rBST-treated and non-rBST-treated cows.",4.0,154,"MILK, CREAM, SUGAR, COCONUT OIL, WHEY, DUTCHED COCOA (PROCESSED WITH ALKALI), VEGETABLE GUM (TARA), NATURAL FLAVOR, SOY LECITHIN"
6_breyers,Vanilla Chocolate Strawberry,"Vanilla ice cream. Chocolate ice cream. Strawberry ice cream. All in one!? Oh my! The Breyers® take on the classic Neopolitan ice cream is the best of 3 worlds! Our Signature Natural Vanilla, Chocolate and Strawberry ice creams come together in one delicious package. Whether one at a time or all three in a scoop, there’s something for everyone!

Breyers® Vanilla Chocolate Strawberry is even made with Non-GMO sourced ingredients! But it’s not just any ice cream, it’s Breyers® so you’ll know that it’s made with high quality ingredients like sun-ripened California strawberries, real cocoa, and 100% sustainable vanilla from Madagascar! Our milk and cream are 100% Grade A from American cows not treated with artificial growth hormones*. When our founder, William Breyer, started his ice cream operation in 1866 in Philly he was very concerned about the quality of the ingredients that he put into his ice cream. Some 150 years later we still follow his commitments to using high quality ingredients to make great tasting ice cream.

Give Breyers® Vanilla Chocolate Strawberry ice cream a try and let us know at !

*The FDA states that no significant difference has been shown between dairy derived from rBST-treated and non-rBST-treated cows.",4.5,74,"MILK, CREAM, SUGAR, STRAWBERRIES, WHEY, DUTCHED COCOA (PROCESSED WITH ALKALI), VEGETABLE GUMS, TARA, CAROB BEAN, NATURAL FLAVOR"
7_breyers,Delights Creamy Chocolate,"Now you can indulge without all the guilt! Who knew that a whole pint of Creamy Chocolate ice cream was 270 calories, and tasted delicious too...we did! That's because here at Breyers®, we have over 150 years of experience making mouth-watering ice cream.

We start with high quality ingredients, naturally sourced flavors, and all American dairy. This reduced fat ice cream will leave your taste buds in disbelief. And it’s even a good source of protein!

Try our rich, creamy low-fat chocolate ice cream made with real cocoa. It’s the ultimate chocolate-lover’s dream! We can't wait to hear which pint is your favorite flavor! Be sure to visit us at to learn more about our wide variety of delicious desserts! You can also check us out on Instagram @Breyers to see lots of delicious photos.",4.4,176,"SKIM MILK, SOLUBLE CORN FIBER, ERYTHRITOL, MILK PROTEIN CONCENTRATE, DUTCHED COCOA (PROCESSED WITH ALKALI), CREAM, SUGAR, VEGETABLE GUMS, GUAR, CAROB BEAN, REB A (STEVIA LEAF EXTRACT), VITAMIN A PALMITATE"
8_breyers,Delights Mint Chip,"Now you can indulge without all the guilt! Who knew that a whole pint of Mint Chip ice cream was 310 calories, and tasted delicious too...we did! That's because here at Breyers®, we have over 150 years of experience making mouth-watering ice cream.

We start with high quality ingredients, naturally sourced flavors, and all American dairy. This reduced fat ice cream will leave your taste buds in disbelief. And it’s even a good source of protein!

Try our cool, mint reduced-fat ice cream made with real peppermint extract and chocolatey chips. It’s perfect for a refreshing, delicious treat. So grab a spoon and see what we mean! Be sure to visit us at to learn more about our wide variety of delicious desserts! You can also check us out on Instagram @Breyers to see lots of delicious photos.",3.3,115,"SKIM MILK, SOLUBLE CORN FIBER, ERYTHRITOL, CHOCOLATEY CHIPS, MALTITOL, CHOCOLATE LIQUOR (PROCESSED WITH ALKALI), COCOA BUTTER, SOY LECITHIN, VANILLA EXTRACT, MILK, MILK PROTEIN CONCENTRATE, CREAM, SUGAR, VEGETABLE GUMS, GUAR, CAROB BEAN, REB A (STEVIA LEAF EXTRACT), NATURAL FLAVOR, VITAMIN A PALMITATE"
9_breyers,Delights Cookies & Cream,"Now you can indulge without all the guilt! Who knew that a whole pint of Cookies and Cream ice cream was 330 calories, and tasted delicious too...we did! That's because here at Breyers®, we have over 150 years of experience making mouth-watering ice cream. We start with high quality ingredients, naturally sourced flavors, and all American dairy. This low fat ice cream will leave your taste buds in disbelief. And it’s even a good source of protein!

We can't wait to hear which pint is your favorite flavor. Be sure to visit www.Breyers.com to learn more about our wide variety of delicious desserts! You can also check us out on Instagram @Breyers to see lots of delicious photos.",3.9,93,"SKIM MILK, SOLUBLE CORN FIBER, ERYTHRITOL, MILK PROTEIN CONCENTRATE, SUGAR, CREAM, WHEAT FLOUR, PALM AND PALM KERNEL OIL, PALM OIL, PALM KERNEL OIL, DUTCHED COCOA (PROCESSED WITH ALKALI), VEGETABLE GUMS, GUAR, CAROB BEAN, NATURAL FLAVOR, SALT, SODIUM BICARBONATE, SOY LECITHIN, REB A (STEVIA LEAF EXTRACT), VITAMIN A PALMITATE"
10_breyers,Delights Vanilla Bean,"Now you can indulge without all the guilt! Who knew that a whole pint of Vanilla Bean ice cream was 260 calories, and tasted delicious too...we did! That's because here at Breyers®, we have over 150 years of experience making mouth-watering ice cream.

We start with high quality ingredients, naturally sourced flavors, and all American dairy. This low fat ice cream will leave your taste buds in disbelief. And it’s even a good source of protein!

Try our smooth low-fat vanilla ice cream, made with real vanilla beans, and fresh cream. We can't wait to hear which pint is your favorite flavor! Be sure to visit us at to learn more about our wide variety of delicious desserts! You can also check us out on Instagram at @Breyers to see lots of delicious photos",4.2,167,"SKIM MILK, SOLUBLE CORN FIBER, ERYTHRITOL, MILK PROTEIN CONCENTRATE, CREAM, SUGAR, VEGETABLE GUMS, GUAR, CAROB BEAN, NATURAL FLAVOR, REB A (STEVIA LEAF EXTRACT), VITAMIN A PALMITATE"
11_breyers,French Vanilla,"Ooo la la! It’s Breyers® French Vanilla ice cream! A classic twist on your favorite Breyers® vanilla. The signature taste of Breyers® French Vanilla was inspired by the traditional French custard, and is our richest, most indulgent Vanilla. It’s the perfect complement to delicious breakfast-style desserts, like French Toast a la Mode, French Vanilla Puff Pancakes, or a Fruit Salad Parfait.

Though inspired by French tradition, this tub of Breyers® still has a lot of American pride. Each Breyers® French Vanilla is filled with 100% Grade A milk and cream, from American cows not treated with artificial growth hormones*.

Try it yourself and leave us a review on ! Or follow us @Breyers on Instagram!

*The FDA states that no significant difference has been shown between dairy derived from rBST-treated and non-rBST-treated cows.",4.5,101,"MILK, CREAM, SUGAR, CORN SYRUP, EGG YOLKS, WHEY, VEGETABLE GUMS, CAROB BEAN, TARA, GUAR, MONO AND DIGLYCERIDES, NATURAL FLAVORS, ANNATTO (FOR COLOR), SALT"
12_breyers,CarbSmart™ Vanilla,"Watching your grams of sugar or carbs? Try our Breyers® CarbSmart™ Creamy Vanilla, with 110 calories, 4g net carbs, 4g sugar, and 4g fiber+ per serving! Sometimes, you just need a treat that you can grab and go and maybe even eat in four bites!

We hope that you give our Creamy Vanilla a try and see if you love them! Or, give our other flavors a try like Creamy Chocolate, Vanilla Bars, and our Fudge Bars!

+SEE NUTRITION FACTS FOR MORE INFORMATION +NET CARBS ARE CALCULATED BY SUBTRACTING TOTAL DIETARY FIBER AND SUGAR ALCOHOL FROM TOTAL CARBOHYDRATES",4.0,157,"MILK, WATER, MALTITOL SYRUP, CREAM, POLYDEXTROSE, GLYCERIN, COCONUT OIL, WHEY, SOLUBLE CORN FIBER, VEGETABLE GUMS, GUAR, CAROB BEAN, MONO AND DIGLYCERIDES, NATURAL FLAVOR, ACESULFAME POTASSIUM, SUCRALOSE"
13_breyers,Lactose Free Vanilla,"Have a lactose sensitivity? No problem! Try our Breyers® Lactose Free Vanilla! It’s the same great vanilla, just without the lactose*!

Our vanilla is 100% sustainably sourced and through our partnership with Rainforest Alliance, your Breyers® Lactose Free Vanilla is also supporting farmers and their families in Madagascar. We believe that the quality of our ingredients makes the delicious vanilla desserts.

Try our Breyers® Lactose Free Vanilla and see if you agree! Leave us a review at !

*99% Lactose Free",3.9,60,"SKIM MILK, SUGAR, CORN SYRUP, CREAM, WHEY, VEGETABLE GUMS, CAROB BEAN, GUAR, TARA GUM, MONO AND DIGLYCERIDES, NATURAL FLAVOR, LACTASE ENZYME, VITAMIN A PALMITATE"
14_breyers,No Sugar Added Vanilla,"Simply delicious and satisfying. Breyers® No Sugar Added Vanilla is a great way to enjoy dessert time, without all the guilt. It’s the vanilla you love and expect from Breyers®, without sugar – what can be sweeter? Your sweet tooth can indulge in the smooth, creamy vanilla that has just the perfect amount of sweet.

Our Breyers® No Sugar Added Vanilla abides by our Pledge to use 100% Grade A milk and fresh cream from American cows not treated with artificial growth hormones* and vanilla from sustainably sourced farms in Madagascar, in partnership with the Rainforest Alliance.

Check out to snag some near you and leave us a review to share your love!

*The FDA states that no significant difference has been shown between dairy derived from rBST-treated and non-rBST-treated cows.",4.4,18,"MILK, MALTITOL SYRUP, MALTODEXTRIN (CORN), CREAM, WHEY, MONO AND DIGLYCERIDES, VEGETABLE GUMS, CAROB BEAN, GUAR, TARA, NATURAL FLAVOR, ACESULFAME POTASSIUM, SUCRALOSE, VITAMIN A PALMITATE, ANNATTO (FOR COLOR)"
15_breyers,OREO®,"Breyers® vanilla and heaps of OREO® cookies? Yes please! If you’re anything like us, you love Breyers® vanilla and OREO® cookies. So why not combine your love into one tub with Breyers® OREO® Cookies & Cream? Rich, creamy vanilla goodness surrounds those chunks of 100% REAL OREO® cookies and will be sure to bring a smile to your face.

Using 100% REAL OREO® is just one way that we’re keeping to our pledge to use high quality ingredients. Our milk and cream are 100% Grade A and come from American cows not treated with artificial growth hormones*.

Give Breyers® OREO® Cookies & Cream a try and let us know your thoughts at !

*The FDA states that no significant difference has been shown between dairy derived from rBST-treated and non-rBST-treated cows.",4.2,216,"MILK, OREO COOKIE PIECES, UNBLEACHED ENRICHED FLOUR, WHEAT FLOUR, NIACIN, REDUCED IRON, THIAMINE MONONITRATE (VITAMIN B1), RIBOFLAVIN (VITAMIN B2), FOLIC ACID, SUGAR, PALM OIL AND/OR CANOLA OIL, COCOA (PROCESSED WITH ALKALI), INVERT SUGAR, LEAVENING, BAKING SODA AND/OR CALCIUM PHOSPHATE, SOY LECITHIN, SALT, CHOCOLATE, NATURAL FLAVOR, CORN SYRUP, FRUCTOSE, COCONUT OIL, WHEY, CREAM, VEGETABLE GUMS, GUAR, CAROB BEAN, MONO AND DIGLYCERIDES, NATURAL FLAVOR"
16_breyers,OREO® & CHIPS AHOY!® 2in1,"OREO® or CHIPS AHOY!® cookies? With Breyers® 2in1 you don't have to choose! You can get the best of both worlds - vanilla Breyers® loaded with pieces of REAL OREO® cookies, swirled together with caramel Breyers® AND pieces of REAL CHIPS AHOY!® cookies. It’s sure to be your new favorite dessert.

We hope you agree that our OREO® & CHIPS AHOY!® flavor is top notch! Plus, our milk and cream are 100% Grade A and come from American cows not treated with artificial growth hormones*. Check out to find some near you!

*The FDA states that no significant difference has been shown between dairy derived from rBST-treated and non-rBST-treated cows.",4.2,109,"MILK, CORN SYRUP, OREO COOKIE PIECES, ENRICHED WHEAT FLOUR, WHEAT FLOUR, NIACIN, REDUCED IRON, THIAMINE MONONITRATE, RIBOFLAVIN, FOLIC ACID, SUGAR, PALM OIL AND/OR CANOLA OIL, COCOA PROCESSED WITH ALKALI, INVERT SUGAR, LEAVENING, BAKING SODA AND/OR CALCIUM PHOSPHATE, SOYBEAN LECITHIN, SALT, CHOCOLATE, NATURAL FLAVOR, FRUCTOSE, CHOCOLATE CHIP COOKIES, UNBLEACHED ENRICHED WHEAT FLOUR, SEMI-SWEET CHOCOLATE CHUNKS, SUGAR, CHOCOLATE, COCOA BUTTER, DEXTROSE, MILK, SOY LECITHIN, SUGAR, CANOLA OIL, PALM OIL, HIGH FRUCTOSE CORN SYRUP, LEAVENING, SALT, ARTIFICIAL FLAVORING, CARAMEL COLOR, NATURAL FLAVOR, COCONUT OIL, WHEY, CREAM, SUGAR, HIGH FRUCTOSE CORN SYRUP, VEGETABLE GUMS, GUAR, CAROB BEAN, MONO AND DIGLYCERIDES, NONFAT MILK SOLIDS, BUTTER, CREAM, SALT, CARAMEL (FOR COLOR), MOLASSES, SALT, PECTIN, NATURAL FLAVOR, ANNATTO (FOR COLOR)"
17_breyers,Vanilla Caramel,"Torn between sweet or salty for dessert? Give in to the perfect balance between the two in Breyers® Vanilla Caramel. A classic blend of rich vanilla and indulgent caramel. It’s our signature Breyers® Natural Vanilla ice cream with a luscious caramel swirl. What can be better?

That caramel is a delicious addition to our marvelous vanilla made with ingredients like fresh cream, sugar, and milk. Our milk and cream is 100% Grade A and comes from American cows not treated with artificial growth hormones*. We believe that the quality of our ingredients makes delicious desserts.

We hope that you try our Breyers® Vanilla Caramel and agree! Let us know by leaving a review at or follow us @Breyers on Instagram for the latest news and products!

*The FDA states that no significant difference has been shown between dairy derived from rBST-treated and non-rBST-treated cows.",4.2,37,"MILK, CREAM, SUGAR, CORN SYRUP, HIGH FRUCTOSE CORN SYRUP, WHEY, SKIM MILK, BUTTER, CREAM, SALT, VEGETABLE GUM (TARA), MOLASSES, SALT, PECTIN, NATURAL FLAVOR, LACTIC ACID, POTASSIUM SORBATE (PRESERVATIVE), SOY LECITHIN, WATER"
18_breyers,Vanilla Caramel Gelato Indulgences,"Give in to the temptation of creamy vanilla gelato, luscious caramel sauce and gourmet caramelly curls.",4.5,85,"SKIM MILK, CORN SYRUP, SUGAR, MILK, COCONUT OIL, WHEY, BUTTER, CREAM, SALT, MILK FAT, PECTIN, COCOA BUTTER, VEGETABLE GUMS, LOCUST BEAN, GUAR, MONO AND DIGLYCERIDES, NATURAL FLAVOR, SOY LECITHIN, SODIUM BICARBONATE, SALT, COCOA POWDER, LACTASE, ANNATTO (FOR COLOR), PGPR, WATER"
19_breyers,Chocolate Mint,"Breyers® rich cocoa ice cream with swirls of real peppermint extract? Pass that Breyers® Chocolate Mint ice cream over this way! With the perfect combination of sweet and cool mint, this flavor is a must try!

Part of what makes our Breyers® Chocolate Mint so good is that real peppermint extract that we use! In fact, we only use colors and flavors from natural sources because we believe it’s what makes great tasting ice cream. We honor the spirit of the Pledge of Purity with our own pledge to use 100% Grade A milk and cream from cows not treated with artificial growth hormones* and sustainably farmed fruit and vanilla**.

We hope that when you give Breyers® Chocolate Mint a try you’ll agree that it’s our high quality ingredients that make a difference. Did you love it? Leave us a review at or follow us @Breyers on Instagram!

*The FDA states that no significant difference has been shown between dairy derived from rBST-treated and non-rBST-treated cows. **In Breyers® Cookies & Candies, our product, before the inclusion of other cookies, candies, sauces or fruit from other suppliers, will abide by this claim. Raspberries are not sustainably farmed.",4.1,38,"MILK, CREAM, SUGAR, DUTCHED COCOA (PROCESSED WITH ALKALI), CORN SYRUP, WHEY, COCONUT OIL, VEGETABLE GUMS, CAROB BEAN, TARA GUM, GUAR GUM, MONO AND DIGLYCERIDES, SALT, PEPPERMINT EXTRACT, NATURAL FLAVOR, SOY LECITHIN, ANNATTO (FOR COLOR)"
20_breyers,Peach,"Breyers® Peach - real juicy peach pieces mixed into creamy vanilla. A genuine taste of summer sweetness all year round!

Our secret to making this dessert so good? Real, 100% sustainably farmed peaches! But honestly, that’s just one part of the secret. The rest is in our high quality ingredients like fresh cream, sugar and milk. In fact, our cream and milk is 100% Grade A and comes from American cows not treated with artificial growth hormones*. And our vanilla is real and sustainably farmed in Madagascar. We work with Rainforest Alliance to help farmers in Madagascar earn a living.

We hope you give Breyers® Peach a taste and agree! Leave us a review at or follow us @Breyers on Instagram!

*The FDA states that no significant difference has been shown between dairy derived from rBST-treated and non-rBST-treated cows.",3.0,49,"MILK, PEACHES, SUGAR, CORN SYRUP, CREAM, WHEY, VEGETABLE GUMS, CAROB BEAN, TARA, GUAR, MONO AND DIGLYCERIDES, NATURAL FLAVOR, VITAMIN A PALMITATE"
21_breyers,Vanilla Fudge Twirl,"Rich fudge swirled through creamy smooth vanilla makes for a 'twirling' good time in Breyers® Vanilla Fudge Twirl! Twirl around in enjoyment!

What makes our dessert this good? In part, it’s our vanilla flavor that comes from 100% sustainable farms in Madagascar and is certified by Rainforest Alliance. Our milk and cream play a big role in making a great tasting Vanilla Fudge Twirl. We partner with American farmers for only 100% Grade A milk and cream from cows not treated with artificial growth hormones*, colors and flavors from natural sources**, and sustainably farmed fruit and vanilla.

We hope you agree that’s what makes our Breyers® Vanilla Fudge Twirl so good! Give it a try and leave us a review at or follow us @Breyers on Instagram!

*The FDA states that no significant difference has been shown between dairy derived from rBST-treated and non-rBST-treated cows. **Our product, before the inclusion of any candies, cookies, sauces or fruit from other suppliers, will fully abide by this claim. Raspberries are not sustainably farmed.",4.0,22,"MILK, SUGAR, CORN SYRUP, CREAM, WHEY, DUTCHED COCOA (PROCESSED WITH ALKALI), VEGETABLE GUMS, CAROB BEAN, GUAR, TARA, MONO AND DIGLYCERIDES, PROCESSED VANILLA BEANS, SALT, NATURAL FLAVOR, VITAMIN A PALMITATE"
22_breyers,CarbSmart™ Chocolate,"Discover the Breyers® CarbSmart™ Chocolate treat! It's perfect when you want something sweet for dessert while still eating healthy!

Breyers® CarbSmart™ proves that low carbs doesn't mean less taste. Make sweeter family moments while keeping carb-watchers happy by the bar or by the scoop. Treat yourself to a scoop of Breyers® CarbSmart™ rich Chocolate — 5g net carbs, 110 calories, 3g sugar, 4g fiber per serving!+

+SEE NUTRITION FACTS FOR MORE INFORMATION +NET CARBS ARE CALCULATED BY SUBTRACTING TOTAL DIETARY FIBER AND SUGAR ALCOHOL FROM TOTAL CARBOHYDRATES",4.0,49,"MILK, MALTITOL SYRUP, WATER, CREAM, POLYDEXTROSE, GLYCERIN, DUTCHED COCOA (PROCESSED WITH ALKALI), COCONUT OIL, WHEY, SOLUBLE CORN FIBER, VEGETABLE GUMS, GUAR, CAROB BEAN, MONO AND DIGLYCERIDES, ACESULFAME POTASSIUM, SUCRALOSE, NATURAL FLAVOR"
23_breyers,CarbSmart™ Peanut Butter,"Breyers® CarbSmart™ proves that fewer carbs doesn't mean less taste. Make sweeter family moments while keeping carb-watchers happy by the bar or by the scoop. Treat yourself to a scoop of Breyers® CarbSmart™ Peanut Butter —5 grams of net carbs+ and 130 calories per serving!

+SEE NUTRITION FACTS FOR MORE INFORMATION +NET CARBS ARE CALCULATED BY SUBTRACTING TOTAL DIETARY FIBER AND SUGAR ALCOHOL FROM TOTAL CARBOHYDRATES",2.8,88,"MILK, CREAM, SORBITOL, MALTODEXTRIN (CORN), PEANUTS, WATER, WHEY, GLYCERIN, SUGAR, MONO AND DIGLYCERIDES, CARAMEL (FOR COLOR), VEGETABLE GUMS, GUAR, CAROB BEAN, PEANUT OIL, SALT, ACESULFAME POTASSIUM, SUCRALOSE"
24_breyers,Lactose Free Chocolate,"Have a lactose sensitivity? No problem! Try our Breyers® Lactose Free Chocolate! It’s the same great chocolate, just without the lactose*! A creamy, delicious dessert made with real cocoa.

That smooth creamy taste is in part thanks to our 100% Grade A milk and cream from American cows now treated with artificial growth hormones**. Mixed together with rich cocoa – makes that delicious Breyers® Chocolate that you know and love. We believe that the quality of our ingredients makes delicious chocolate desserts.

Try our Breyers® Lactose Free Vanilla and see if you agree! Leave us a review at or follow us @Breyers on Instagram!

*99% Lactose Free **The FDA states that no significant difference has been shown between dairy derived from rBST-treated and non-rBST-treated cows.",4.7,24,"SKIM MILK, SUGAR, CORN SYRUP, CREAM, DUTCHED COCOA (PROCESSED WITH ALKALI), WHEY, VEGETABLE GUMS, CAROB BEAN, GUAR, TARA, MONO AND DIGLYCERIDES, SALT, LACTASE ENZYME, VITAMIN A PALMITATE, NATURAL FLAVOR"
25_breyers,No Sugar Added Vanilla Chocolate Strawberry,"Vanilla. Chocolate. Strawberry. All in one!? And with no sugar added? Oh my! The Breyers® take on the classic Neopolitan is the best of 3 worlds with the added bonus of no sugar added! Our Signature vanilla, chocolate and strawberry Breyers® come together in one delicious package. Whether one at a time or all three in a scoop, there’s something for everyone!

Breyers® No Sugar Added Vanilla Chocolate Strawberry is even made with Non-GMO sourced ingredients! But it’s not just any dessert, it’s Breyers® so you’ll know that it’s made with high quality ingredients like sun-ripened California strawberries, real cocoa, and 100% sustainable vanilla from Madagascar! Our milk and cream are 100% Grade A from American cows not treated with artificial growth hormones*.

Give Breyers® No Sugar Added Vanilla Chocolate Strawberry a try and let us know at ! *The FDA states that no significant difference has been shown between dairy derived from rBST-treated and non-rBST-treated cows.",4.3,34,"MILK, MALTITOL SYRUP, MALTODEXTRIN (CORN), CREAM, WHEY, DUTCHED COCOA (PROCESSED WITH ALKALI), MONO AND DIGLYCERIDES, VEGETABLE GUMS, CAROB BEAN, GUAR, TARA, BEET JUICE (FOR COLOR), NATURAL FLAVORS, ACESULFAME POTASSIUM, SUCRALOSE, SALT, VITAMIN A PALMITATE, ANNATTO (FOR COLOR)"
26_breyers,Non-Dairy Vanilla Peanut Butter,"Love ice cream but can’t stomach the dairy? Have no fear! Breyers® Non-Dairy Vanilla Peanut Butter is here! Made with real almond milk and filled with luscious swirls of real peanut butter – there’s no milk in sight. If you’re anything like us, you love Breyers® vanilla and spoonfuls of peanut butter. So why not combine your love into one tub with Breyers® Non-Dairy Vanilla Peanut Butter? And now, even those who usually shy away from delicious ice cream can rejoice and join in! Really, who can say there’s ever too much of a good thing – like peanut butter and Non-Dairy Breyers®? Rich, creamy vanilla goodness surrounds those beautiful swirls of peanut butter and will be sure to bring a smile to your face.

We hope you agree that our Non-Dairy frozen almond milk dessert packed with real peanut butter is simply a delightful treat. Give it a try and leave us a review at . Real vanilla and luscious peanut butter collide to give you a real Breyers® moment — and this time, it’s completely non-dairy, made with real almond milk! Enjoy this creamy and nutty almond milk frozen dessert, with the Breyers® quality you trust.",4.8,116,"ALMOND MILK, WATER, ALMONDS, LIQUID SUGAR, SUGAR, WATER, PEANUTS, COCONUT OIL, CORN SYRUP, PEA PROTEIN, VEGETABLE GUMS, CAROB BEAN GUM, GUAR GUM, MONO AND DIGLYCERIDES, PEANUT OIL, SALT, NATURAL FLAVOR (COCONUT)"
27_breyers,Raspberry Cheesecake Gelato Indulgences,"Discover Breyers® Raspberry Cheesecake Gelato Indulgences ®. Get wrapped up in silky cheesecake gelato, luscious raspberry sauce and gourmet graham crumbles.

Breyers® Gelato Indulgences is the perfect way to take any moment from ordinary to extraordinary. Each flavor is composed of beautiful rosettes of creamy gelato, draped in luscious sauce and finished with gourmet toppings. See for yourself how our unique trio of textures delivers a truly special and indulgent dessert experience, unlike any other.",4.5,28,"MILK, SUGAR, CORN SYRUP, WATER, COCONUT OIL, DEXTROSE, CREAM CHEESE, PASTEURIZED MILK, CREAM, CHEESE CULTURES, SALT, CAROB BEAN GUM, WHEY, RASPBERRY PUREE CONCENTRATE, DRIED CANE SYRUP, WHEAT FLOUR, BROWN SUGAR, VEGETABLE GUMS, CAROB BEAN GUM, GUAR GUM, MONO AND DIGLYCERIDES, NATURAL FLAVOR, SALT, HONEY, BUTTER, CREAM, SALT, PASTEURIZED EGGS, PECTIN, GRAHAM FLOUR, BEET JUICE (FOR COLOR), CANOLA OIL, BAKING SODA, SOY LECITHIN, MOLASSES, ANNATTO (FOR COLOR)"
28_breyers,REESE'S,"Breyers® joins forces with America’s favorite peanut butter chocolate candy to bring you Breyers® REESE'S Peanut Butter! Peanut butter Breyers® is loaded with chunks of 100% REAL REESE'S Peanut Butter Cups and a rich fudge swirl for a dessert that can’t be beat.

The best news of all is that you can enjoy your favorite cookies and candies combined with the quality of Breyers®. All of our flavors are made with 100% Grade A milk and cream that comes from cows not treated with artificial growth hormones* because we believe the best ingredients make the most delicious products.

Try Breyers® REESE'S for yourself and leave us a review on , and follow us @Breyers on Instagram!

*The FDA states that no significant difference has been shown between dairy derived from rBST-treated and non-rBST-treated cows.",3.9,156,"MILK, FUDGE SWIRL, CORN SYRUP, HIGH FRUCTOSE CORN SYRUP, WATER, SUGAR, COCOA, MODIFIED FOOD STARCH (TAPIOCA), NATURAL FLAVOR, SALT, LACTIC ACID, POTASSIUM SORBATE (PRESERVATIVE), CORN SYRUP, REESE'S PEANUT BUTTER CUP PIECES, MILK CHOCOLATE, SUGAR, COCOA BUTTER, CHOCOLATE, NONFAT MILK, MILK FAT, LACTOSE, SOY LECITHIN, PGPR (EMULSIFIER), PEANUTS, SUGAR, DEXTROSE, SALT, TBHQ AND CITRIC ACID (TO MAINTAIN FRESHNESS), TBHQ (TO MAINTAIN FRESHNESS), CITRIC ACID (TO MAINTAIN FRESHNESS), REESE'S PEANUT BUTTER SAUCE, PEANUTS, SUGAR, PEANUT OIL, DEXTROSE, SALT, TBHQ (PRESERVATIVE), FRUCTOSE, COCONUT OIL, WHEY, CREAM, CARAMEL (FOR COLOR), VEGETABLE GUMS, GUAR, CAROB BEAN, MONO AND DIGLYCERIDES"
29_breyers,REESE'S & REESE'S PIECES 2in1,"REESE'S PIECES or REESE'S Peanut Butter Cups? When it comes to your favorite REESE'S candy, you don’t have to choose with Breyers® 2in1s. You can get the best of both REESE'S filled worlds – peanut butter Breyers® loaded with pieces of 100% REAL REESE'S Peanut Butter Cups, swirled together with chocolate Breyers® and loads of REAL REESE'S PIECES Mini Candies. It’s sure to be your new favorite dessert.

Using 100% REAL REESE'S Peanut Butter Cups and REESE'S PIECES® is just one way that we’re keeping to our pledge to use high quality ingredients. Our milk and cream are 100% Grade A and come from American cows not treated with artificial growth hormones*.

We hope you agree that our REESE'S Peanut Butter Cups & REESE'S PIECES flavor is top notch! Check out to find some near you!

*The FDA states that no significant difference has been shown between dairy derived from rBST-treated and non-rBST-treated cows.",3.3,88,"MILK, CORN SYRUP, REESE'S PEANUT BUTTER CUP PIECES, MILK CHOCOLATE, SUGAR, COCOA BUTTER, CHOCOLATE, NONFAT MILK, MILK FAT, LACTOSE, SOY LECITHIN, PGPR (EMULSIFIER), PEANUTS, SUGAR, DEXTROSE, SALT, TBHQ AND CITRIC ACID (TO MAINTAIN FRESHNESS), TBHQ (TO MAINTAIN FRESHNESS), CITRIC ACID (TO MAINTAIN FRESHNESS), FRUCTOSE, REESE'S PEANUT BUTTER SAUCE, PEANUTS, SUGAR, PEANUT OIL, DEXTROSE, SALT, TBHQ (PRESERVATIVE), REESE'S MINI PIECES, SUGAR, PARTIALLY DEFATTED PEANUT FLOUR, HYDROGENATED VEGETABLE OIL, PALM KERNEL, SOYBEAN, CORN SYRUP, DEXTROSE, PALM KERNEL OIL, ARTIFICIAL COLOR, YELLOW 5 LAKE, YELLOW 6 LAKE, RED 40 LAKE, BLUE 1 LAKE, CORNSTARCH, SALT, CONFECTIONER'S GLAZE, LECITHIN (SOY), MODIFIED CORNSTARCH, CARNAUBA WAX, VANILLIN (ARTIFICIAL FLAVOR), MILK, COCONUT OIL, WHEY, CREAM, DUTCHED COCOA (PROCESSED WITH ALKALI), CARAMEL (FOR COLOR), VEGETABLE GUMS, GUAR, CAROB BEAN, MONO AND DIGLYCERIDES, NATURAL FLAVOR"
30_breyers,No Sugar Added Caramel Swirl,"Savor the flavors of vanilla and rich salted caramel and pieces of toffee swirled throughout Breyers® No Sugar Added Salted Caramel Swirl. All the rich, creamy taste—with no added sugar!

Breyers® No Sugar Added Salted Caramel Swirl is a great way to enjoy dessert time, without all the guilt. It’s the vanilla and caramel you love and expect from Breyers® plus chunks of toffee pieces, without sugar – what can be sweeter? Your sweet tooth can indulge in the smooth, creamy vanilla and caramel that has just the perfect amount of sweet.

Our Breyers® No Sugar Added Salted Caramel Swirl uses 100% Grade A milk and fresh cream from American cows not treated with artificial growth hormones* and vanilla from sustainably sourced farms in Madagascar, in partnership with the Rainforest Alliance.

Check out to snag some near you and leave us a review to share your love!

*The FDA states that no significant difference has been shown between dairy derived from rBST-treated and non-rBST-treated cows.",4.9,19,"MILK, MALTITOL SYRUP, MALTODEXTRIN (CORN), CREAM, MALTITOL, POLYDEXTROSE, WHEY, COCONUT OIL, BUTTER, CREAM, SALT, MONO AND DIGLYCERIDES, VEGETABLE GUMS, CAROB BEAN, GUAR, TARA, SALT, CARAMEL (FOR COLOR), NATURAL FLAVORS, SUCRALOSE, SOY LECITHIN, ACESULFAME POTASSIUM, VITAMIN A PALMITATE, ANNATTO (FOR COLOR)"
31_breyers,SNICKERS®,"Breyers® joins forces with America’s favorite candy bar to bring you Breyers® SNICKERS®! Caramel ribbons, chocolate coated peanuts, and real SNICKERS® bar pieces are swirled together with smooth vanilla Breyers® for a dessert that can’t be beat.

The best news of all is that you can enjoy your favorite cookies and candies combined with the quality of Breyers®. All of our flavors are made with 100% Grade A milk and cream that comes from cows not treated with artificial growth hormones* because we believe the best ingredients make the most delicious products.

Try Breyers® SNICKERS® for yourself and leave us a review on , and follow us @Breyers on Instagram! *The FDA states that no significant difference has been shown between dairy derived from rBST-treated and non-rBST-treated cows.",4.4,109,"SKIM MILK, SUGAR, CARAMEL SWIRL, CORN SYRUP, WATER, BUTTER, CREAM, SALT, CONDENSED SKIM MILK, SKIM MILK, SUGAR, CORN SYRUP, SUGAR, SALT, CARRAGEENAN, NATURAL FLAVOR, SODIUM BICARBONATE, SNICKERS PIECES*, MILK CHOCOLATE, SUGAR, COCOA BUTTER, CHOCOLATE, SKIM MILK, LACTOSE, MILKFAT, SOY LECITHIN, ARTIFICIAL FLAVOR, PEANUTS, CORN SYRUP, SUGAR, PALM OIL, SKIM MILK, LACTOSE, SALT, EGG WHITES, ARTIFICIAL FLAVOR, CORN SYRUP, CREAM, CHOCOLATEY COATED PEANUTS, CHOCOLATE FLAVORED COATING, SUGAR, COCONUT OIL, WHOLE MILK POWDER, LACTOSE, CHOCOLATE LIQUOR, COCOA, SOY LECITHIN, VANILLIN, ROASTED PEANUTS, PEANUTS, PEANUT OIL, SALT, WHEY, VEGETABLE GUMS, GUAR GUM, CAROB BEAN GUM, TARA GUM, MONO AND DIGLYCERIDES, VANILLA BEANS, NATURAL FLAVOR, ANNATTO (FOR COLOR), VITAMIN A PALMITATE"
32_breyers,SNICKERS® & M&M'S® 2in1,"SNICKERS® or M&M'S®? When it comes to your favorite candy SNICKERS®, and your other favorite candy M&M'S®, you don’t have to choose with New Breyers® 2in1s. Now you can get the best of both worlds – caramel Breyers® loaded with pieces of REAL SNICKERS®, swirled together with chocolate Breyers® and heaps of REAL M&M'S® MINIS Milk Chocolate Candies. It’s sure to be your new favorite dessert.

Using 100% REAL SNICKERS® and M&M'S® MINIS is just one way that we’re keeping to our pledge to use high quality ingredients. Our milk and cream are 100% Grade A and come from American cows not treated with artificial growth hormones*.

We hope you agree that our new SNICKERS® & M&M'S® flavor is top notch! Check out to find some near you!

*The FDA states that no significant difference has been shown between dairy derived from rBST-treated and non-rBST-treated cows.",3.9,52,"SKIM MILK, SUGAR, SNICKERS PIECES*, MILK CHOCOLATE, SUGAR, COCOA BUTTER, CHOCOLATE, SKIM MILK, LACTOSE, MILKFAT, SOY LECITHIN, ARTIFICIAL FLAVOR, PEANUTS, CORN SYRUP, SUGAR, PALM OIL, SKIM MILK, LACTOSE, SALT, EGG WHITES, ARTIFICIAL FLAVOR, CORN SYRUP, CREAM, M&M'S MINIS MILK CHOCOLATE CANDIES WITH COCOA BUTTER, MILK CHOCOLATE CANDIES, MILK CHOCOLATE, SUGAR, CHOCOLATE, SKIM MILK, COCOA BUTTER, LACTOSE, MILKFAT, SOY LECITHIN, SALT, ARTIFICIAL FLAVORS, SUGAR, CORNSTARCH, CORN SYRUP, YELLOW 5 LAKE, RED 40 LAKE, BLUE 1 LAKE, YELLOW 6 LAKE, BLUE 2 LAKE, YELLOW 5, RED 40, BLUE 1, YELLOW 6, BLUE 2, DEXTRIN, COCOA BUTTER, WHEY, CARAMEL SWIRL, SUGAR, WATER, CORN SYRUP, HIGH FRUCTOSE CORN SYRUP, NONFAT MILK SOLIDS, BUTTER, CREAM, SALT, SALT, MOLASSES, PECTIN, SOY LECITHIN, NATURAL FLAVOR, POTASSIUM SORBATE (PRESERVATIVE), SODIUM CITRATE, LACTIC ACID, COCOA (PROCESSED WITH ALKALI), VEGETABLE GUMS, GUAR GUM, CAROB BEAN GUM, TARA GUM, MONO AND DIGLYCERIDES, CARAMEL (FOR COLOR), VITAMIN A PALMITATE, ANNATTO (FOR COLOR)"
33_breyers,CarbSmart™ Almond Bar,"Breyers® CarbSmart™ Vanilla & Almond Bar is low on carbs and big on taste! At 4g net carbs and 150 calories per serving, it is sure to satisfy any craving! Breyers® CarbSmart™ proves that fewer carbs doesn't mean less taste.

Make sweeter family moments while keeping carb-watchers happy by the bar or by the scoop. Treat yourself to a scoop of Breyers® CarbSmart™ Almond Bar—4 grams of net carbs+ and 150 calories per serving!

+SEE NUTRITION FACTS FOR MORE INFORMATION +NET CARBS ARE CALCULATED BY SUBTRACTING TOTAL DIETARY FIBER AND SUGAR ALCOHOL FROM TOTAL CARBOHYDRATES",4.3,32,"MILK, COCONUT OIL, WATER, MALTITOL SYRUP, SUGAR, ALMONDS, POLYDEXTROSE, SOYBEAN OIL, DUTCHED COCOA (PROCESSED WITH ALKALI), SODIUM CASEINATE, WHEY, GLYCERIN, CALCIUM CARBONATE, CREAM, SOLUBLE CORN FIBER, NATURAL FLAVOR, VEGETABLE GUMS, GUAR, CAROB BEAN, SALT, SOY LECITHIN, SUCRALOSE, MONO AND DIGLYCERIDES, ACESULFAME POTASSIUM"
34_breyers,HEATH & Waffle Cone 2in1,"Love HEATH bars? What about fudge-covered waffle cone? With Breyers® 2in1 you can treat yourself to both! Try our vanilla Breyers® loaded with pieces of real HEATH English Toffee Bar pieces, swirled together with chocolate Breyers® and fudge-covered waffle cone pieces. It’s sure to be your new favorite dessert. We hope you agree that our new HEATH Waffle Cone is top notch!

Give it a try and leave us a review at on . Or, check out our recipes at for fun and easy ideas!",3.3,54,"MILK, CORN SYRUP, HEATH TOFFEE BAR PIECES, MILK CHOCOLATE, SUGAR, COCOA BUTTER, CHOCOLATE, NONFAT MILK, MILKFAT, LACTOSE, SALT, SOY LECITHIN, NATURAL FLAVOR, SUGAR, VEGETABLE OIL, PALM OIL, SUNFLOWER OIL, BUTTER (MILK), ALMONDS, SALT, SOY LECITHIN, FRUCTOSE, FUDGE COVERED WAFFLE CONE PIECES, FUDGE COATING, SUGAR, COCONUT OIL, COCOA, NONFAT DRY MILK, WHOLE MILK POWDER, ANHYDROUS MILKFAT, SOY LECITHIN, VANILLA, NATURAL FLAVOR, WAFFLE CONE, UNBLEACHED UNENRICHED WHEAT FLOUR, SUGAR, SOYBEAN OIL, SOY LECITHIN, VANILLA, SALT, COCONUT OIL, WHEY, CREAM, DUTCHED COCOA (PROCESSED WITH ALKALI), VEGETABLE GUMS, GUAR, CAROB BEAN, MONO AND DIGLYCERIDES, NATURAL FLAVOR"
35_breyers,No Sugar Added Butter Pecan,"Simply delicious vanilla with butter roasted pecans. Breyers® No Sugar Added Butter Pecan is a great way to enjoy dessert time, without all the guilt. It’s the vanilla you love and expect from Breyers® plus chunks of butter roasted pecans, without sugar – what can be sweeter? Your sweet tooth can indulge in the smooth, creamy vanilla that has just the perfect amount of sweet.

Our Breyers® No Sugar Added Butter Pecan uses 100% Grade A milk and fresh cream from American cows not treated with artificial growth hormones* and vanilla from sustainably sourced farms in Madagascar, in partnership with the Rainforest Alliance.

If Butter Pecan is not your jam, try our No Sugar Added Vanilla Chocolate Strawberry, Vanilla, or Salted Caramel Swirl! Check out to snag some near you and leave us a review to share your love!

*The FDA states that no significant difference has been shown between dairy derived from rBST-treated and non-rBST-treated cows.",4.3,15,"MILK, MALTITOL SYRUP, PECANS, MALTODEXTRIN (CORN), CREAM, WHEY, MONO AND DIGLYCERIDES, VEGETABLE GUMS, CAROB BEAN, GUAR, TARA, SALT, PEANUT OIL, BUTTER, CREAM, SALT, NATURAL FLAVOR, ACESULFAME POTASSIUM, SUCRALOSE, VITAMIN A PALMITATE"
36_breyers,CarbSmart™ Vanilla Bar,"Watching your grams of sugar or carbs? Try our Breyers® CarbSmart™ Vanilla Bars, with 140 calories, 5g net carbs, 5g sugars, and 3g fiber per serving+! Delicious vanilla Breyers® in a chocolatey shell – mm so good! Sometimes, you just need a treat that you can grab and go in the classic combination of vanilla and chocolate!

We hope that you give our Vanilla Bars a try and see if you love them! Or, give our other flavors a try like Almond Bars, Fudge Bars, and our Mint Fudge Bars!

+SEE NUTRITION FACTS FOR MORE INFORMATION +NET CARBS ARE CALCULATED BY SUBTRACTING TOTAL DIETARY FIBER AND SUGAR ALCOHOL FROM TOTAL CARBOHYDRATES",4.2,24,"MILK, COCONUT OIL, WATER, MALTITOL SYRUP, SUGAR, POLYDEXTROSE, SOYBEAN OIL, DUTCHED COCOA (PROCESSED WITH ALKALI), SODIUM CASEINATE, WHEY, GLYCERIN, CALCIUM CARBONATE, CREAM, SOLUBLE CORN FIBER, NATURAL FLAVOR, VEGETABLE GUMS, GUAR, CAROB BEAN, SALT, SOY LECITHIN, SUCRALOSE, MONO AND DIGLYCERIDES, ACESULFAME POTASSIUM"
37_breyers,HEATH,"Breyers® joins forces with one of your favorite candy bars to bring you Breyers® HEATH! Chunks of real HEATH Milk Chocolate English Toffee Bar are nestled in toffee-flavored Breyers® with a sweet caramel swirl for a dessert that can’t be beat.

Breyers® HEATH is even made with 100% Grade A milk and cream that comes from cows not treated with artificial growth hormones* because we believe the best ingredients make the most delicious products.

Try Breyers® HEATH for yourself and leave us a review on , and follow us @Breyers on Instagram!

*The FDA states that no significant difference has been shown between dairy derived from rBST-treated and non-rBST-treated cows.",3.3,36,"MILK, CARAMEL SWIRL, SUGAR, WATER, CORN SYRUP, HIGH FRUCTOSE CORN SYRUP, NONFAT MILK SOLIDS, BUTTER, CREAM, SALT, SALT, MOLASSES, PECTIN, SOY LECITHIN, NATURAL FLAVOR, POTASSIUM SORBATE (PRESERVATIVE), SODIUM CITRATE, LACTIC ACID, HEATH TOFFEE BAR PIECES, MILK CHOCOLATE, SUGAR, COCOA BUTTER, CHOCOLATE, SKIM MILK, MILKFAT, LACTOSE, SALT, SOY LECITHIN, NATURAL FLAVOR, SUGAR, VEGETABLE OIL, PALM OIL, SUNFLOWER OIL, BUTTER (MILK), ALMONDS, SALT, SOY LECITHIN, CHOCOLATE, CORN SYRUP, FRUCTOSE, GROUND HEATH TOFFEE PIECES, SUGAR, VEGETABLE OIL, PALM OIL, SUNFLOWER OIL, BUTTER (MILK), ALMONDS, SALT, SOY LECITHIN, CHOCOLATE, COCONUT OIL, WHEY, CREAM, VEGETABLE GUMS, CAROB BEAN GUM, GUAR GUM, MONO AND DIGLYCERIDES"
38_breyers,Butter Pecan,"Discover Breyers® Butter Pecan with rich vanilla and butter-roasted pecan pieces. So good, it’s nuts! Our pecans were roasted in butter and then surrounded by delicious Breyers® vanilla to give you a delicious tasting dessert.

Here at Breyers® we believe that the quality of our ingredients makes delicious desserts, and that’s why we use 100% Grade A milk and cream that comes from cows not treated with artificial growth hormones*.

Try it yourself and leave us a review on ! Or follow us @Breyers on Instagram!",2.6,74,"MILK, SUGAR, CORN SYRUP, CREAM, PECANS, WHEY, VEGETABLE GUMS, CAROB BEAN, GUAR, TARA, MONO AND DIGLYCERIDES, SALT, PEANUT OIL, BUTTER, CREAM, SALT, NATURAL FLAVOR, LACTASE ENZYME, ANNATTO (FOR COLOR), VITAMIN A PALMITATE"
39_breyers,CarbSmart™ Fudge Bar,Breyers® CarbSmart™ Fudge Bar is rich on chocolate taste but low on carbs! Now you can enjoy dessert even when you are trying to eat healthy! Breyers® CarbSmart™ proves that fewer carbs* doesn't mean less taste. Make sweeter family moments while keeping carb-watchers happy by the bar or by the scoop. Treat yourself to a scoop of Breyers® CarbSmart™ Fudge Bar—3 grams of net carbs+ and 60 calories per serving! +SEE NUTRITION FACTS FOR MORE INFORMATION +NET CARBS ARE CALCULATED BY SUBTRACTING TOTAL DIETARY FIBER AND SUGAR ALCOHOL FROM TOTAL CARBOHYDRATES,4.4,34,"MILK, WATER, MALTITOL SYRUP, POLYDEXTROSE, COCONUT OIL, DUTCHED COCOA (PROCESSED WITH ALKALI), WHEY, GLYCERIN, CREAM, SOLUBLE CORN FIBER, VEGETABLE GUMS, GUAR, CAROB BEAN, MONO AND DIGLYCERIDES, ACESULFAME POTASSIUM, SUCRALOSE, NATURAL FLAVOR"
40_breyers,CarbSmart™ Mint Fudge Bar,"Breyers® CarbSmart™ Mint Fudge Bar has great mint flavor with 60 calories, 4g net carbs, 4g sugar, 3g fiber per serving+. These bars are a perfectly refreshing after-dinner (or anytime!) frozen treat.

Watching your grams of sugar or carbs? Try our Breyers® CarbSmart™ Mint Fudge Bars, with 60 calories, 4g net carbs, 4g sugar, and 3g fiber+ per serving! Sometimes, you just need a treat that you can grab and go and maybe even eat in four bites!

We hope that you give our Mint Fudge Bars a try and see if you love them! Or, give our other flavors a try like Almond Bars, Vanilla Bars, and our Fudge Bars!

*The FDA states that no significant difference has been shown between dairy derived from rBST-treated and non-rBST-treated cows. +SEE NUTRITION FACTS FOR MORE INFORMATION +NET CARBS ARE CALCULATED BY SUBTRACTING TOTAL DIETARY FIBER AND SUGAR ALCOHOL FROM TOTAL CARBOHYDRATES *See nutrition facts for calorie content",4.6,20,"MILK, WATER, FUDGE SWIRL, CORN SYRUP, HIGH FRUCTOSE CORN SYRUP, WATER, SUGAR, COCOA, MODIFIED FOOD STARCH (TAPIOCA), NATURAL FLAVOR, SALT, LACTIC ACID, POTASSIUM SORBATE (PRESERVATIVE), MALTITOL SYRUP, POLYDEXTROSE, COCONUT OIL, WHEY, GLYCERIN, CREAM, SOLUBLE CORN FIBER, VEGETABLE GUMS, CAROB BEAN GUM, GUAR GUM, MONO AND DIGLYCERIDES, NATURAL FLAVOR, ACESULFAME POTASSIUM, COLOR ADDED, SUCRALOSE"
41_breyers,OREO® Snack Cups 10ct,"Breyers® vanilla with real OREO®? Yes please! If you’re anything like us, you love Breyers® vanilla and OREO® cookies. So why not combine your love with Breyers® OREO® Cookies & Cream?

Breyers® OREO® even comes in convenient snack cups that are perfectly portioned. Great for parties! Rich, creamy vanilla goodness surrounds those real OREO® cookies and will be sure to bring a smile to your face.

The best news of all is that you can enjoy your favorite cookies and candies combined with the quality of Breyers®. All of our flavors are made with 100% Grade A milk and cream that comes from cows not treated with artificial growth hormones* because we believe the best ingredients make the most delicious products.

Try Breyers® OREO® Cookies & Cream Snack Cups for yourself and leave us a review on , and follow us @Breyers on Instagram!

*The FDA states that no significant difference has been shown between dairy derived from rBST-treated and non-rBST-treated cows.",5.0,2,"SKIM MILK, LIQUID SUGAR, SUGAR, WATER, CREAM, HIGH FRUCTOSE CORN SYRUP, CORN SYRUP, OREO COOKIE PIECES, UNBLEACHED ENRICHED FLOUR, WHEAT FLOUR, NIACIN, REDUCED IRON, THIAMINE MONONITRATE (VITAMIN B1), RIBOFLAVIN (VITAMIN B2), FOLIC ACID, SUGAR, AND/OR PALM OIL, AND/OR CANOLA OIL, COCOA (PROCESSED WITH ALKALI), HIGH FRUCTOSE CORN SYRUP, LEAVENING, AND/OR BAKING SODA, AND/OR CALCIUM PHOSPHATE, SALT, SOY LECITHIN, CHOCOLATE, ARTIFICIAL FLAVOR, WHEY, PROPYLENE GLYCOL MONOESTERS, MONO AND DIGLYCERIDES, VEGETABLE GUM (GUAR), NATURAL FLAVOR, CELLULOSE GUM, CARRAGEENAN, VITAMIN A PALMITATE"
42_breyers,REESE'S Chocolate,"Breyers® joins forces with America’s favorite peanut butter chocolate candy to bring you Breyers® REESE'S Chocolate! Chocolate Breyers® is loaded with chunks of 100% REAL REESE'S Peanut Butter Cups and a REESE'S peanut butter swirl for a dessert that can’t be beat.

The best news of all is that you can enjoy your favorite cookies and candies combined with the quality of Breyers®. All of our flavors are made with 100% Grade A milk and cream that comes from cows not treated with artificial growth hormones* because we believe the best ingredients make the most delicious products.

Try Breyers® REESE'S Chocolate for yourself and leave us a review on , and follow us @Breyers on Instagram!

*The FDA states that no significant difference has been shown between dairy derived from rBST-treated and non-rBST-treated cows.",4.2,142,"MILK, CORN SYRUP, REESE'S PEANUT BUTTER CUPS, MILK CHOCOLATE, SUGAR, COCOA BUTTER, CHOCOLATE, NONFAT MILK, MILK FAT, LACTOSE, SOY LECITHIN, PGPR (EMULSIFIER), PEANUTS, SUGAR, DEXTROSE, SALT, TBHQ AND CITRIC ACID (TO MAINTAIN FRESHNESS), TBHQ (TO MAINTAIN FRESHNESS), CITRIC ACID (TO MAINTAIN FRESHNESS), REESE'S PEANUT BUTTER SWIRL, PEANUTS, SUGAR, PEANUT OIL, DEXTROSE, SALT, TBHQ (PRESERVATIVE), FRUCTOSE, COCONUT OIL, DUTCHED COCOA (PROCESSED WITH ALKALI), WHEY, CREAM, VEGETABLE GUMS, GUAR, CAROB BEAN, MONO AND DIGLYCERIDES, NATURAL FLAVOR"
43_breyers,Waffle Cone,"Wish you could have your favorite fudge-covered waffle ice cream cone at home? You’re in luck! Now can you can treat yourself to creamy vanilla Breyers® with ribbons of caramel, chocolatey chips, and fudge-covered waffle cone pieces.

The best news of all is that you can enjoy your favorite cookies and candies combined with the quality of Breyers®. All of our flavors are made with 100% Grade A milk and cream that comes from cows not treated with artificial growth hormones* because we believe the best ingredients make the most delicious products.

Try Breyers® Waffle Cone for yourself and leave us a review on , and follow us @Breyers on Instagram!

*The FDA states that no significant difference has been shown between dairy derived from rBST-treated and non-rBST-treated cows.",3.6,20,"MILK, CORN SYRUP, CARAMEL SWIRL, SUGAR, WATER, CORN SYRUP, HIGH FRUCTOSE CORN SYRUP, NONFAT MILK SOLIDS, BUTTER, CREAM, SALT, SALT, MOLASSES, PECTIN, SOY LECITHIN, NATURAL FLAVOR, POTASSIUM SORBATE (PRESERVATIVE), SODIUM CITRATE, LACTIC ACID, FUDGE COVERED WAFFLE CONE PIECES, FUDGE COATING, SUGAR, COCONUT OIL, COCOA, NONFAT DRY MILK, WHOLE MILK POWDER, ANHYDROUS MILKFAT, SOY LECITHIN, VANILLA, NATURAL FLAVOR, WAFFLE CONE, UNBLEACHED UNENRICHED WHEAT FLOUR, SUGAR, SOYBEAN OIL, SOY LECITHIN, VANILLA, SALT, FRUCTOSE, CHOCOLATEY CHIPS, SUGAR, COCONUT OIL, DUTCHED COCOA (PROCESSED WITH ALKALI), MILKFAT, SOY LECITHIN, VANILLA EXTRACT, COCONUT OIL, WHEY, CREAM, VEGETABLE GUMS, GUAR, CAROB BEAN, MONO AND DIGLYCERIDES, NATURAL FLAVOR"
44_breyers,Creamsicle,"Breyers® joins forces with one of your favorite summer treats to bring you Breyers® Creamsicle®! Breyers® vanilla and orange Creamsicle® are swirled together for a dessert that can’t be beat.

All of our flavors are made with 100% Grade A milk and cream that comes from cows not treated with artificial growth hormones* because we believe the best ingredients make the most delicious products.

Try Breyers® Creamsicle® for yourself and leave us a review on , and follow us @Breyers on Instagram!

*The FDA states that no significant difference has been shown between dairy derived from rBST-treated and non-rBST-treated cows.",3.8,26,"MILK, CORN SYRUP, SUGAR, CREAM, FRUCTOSE, COCONUT OIL, ORANGE JUICE (FROM CONCENTRATE), WHEY, VEGETABLE GUMS, CAROB BEAN GUM, GUAR GUM, MONO AND DIGLYCERIDES, CITRIC ACID, NATURAL FLAVOR, ANNATTO (FOR COLOR)"
45_breyers,New York Style Cheesecake,"Can’t get enough of rich, creamy cheesecake? You’re in luck! Treat yourself to delicious cheesecake-flavored Breyers® swirled with luscious strawberry sauce and chunks of graham-covered cheesecake pieces.

Breyers® NY Style Cheesecake is made with 100% Grade A milk and cream that comes from cows not treated with artificial growth hormones* because we believe the best ingredients make the most delicious products.

Try Breyers® New York Style Cheesecake for yourself and leave us a review on , and follow us @Breyers on Instagram!

*The FDA states that no significant difference has been shown between dairy derived from rBST-treated and non-rBST-treated cows.",3.3,36,"NONFAT MILK, STRAWBERRY SWIRL, WATER, SUGAR, CORN SYRUP, SKIM MILK, STRAWBERRIES, DEXTROSE, BEET JUICE (FOR COLOR), CITRIC ACID, MALIC ACID, VEGETABLE GUMS, CAROB BEAN GUM, GUAR GUM, NATURAL FLAVOR, PECTIN, ASCORBIC ACID, ANNATTO (FOR COLOR), CORN SYRUP, CHEESECAKE PIECES WITH GRAHAM CRUST, CREAM CHEESE, PASTEURIZED MILK, CREAM, CHEESE CULTURES, SALT, CAROB BEAN GUM, SUGAR, EGGS, GRAHAM CRUMB, WHEAT FLOUR, WHOLE WHEAT/GRAHAM FLOUR, SUGAR, CANOLA OIL, MOLASSES, HONEY, SALT, SODIUM BICARBONATE, CORNSTARCH, PALM OIL, NATURAL FLAVOR, SWEETENED LEMON ZEST, LEMON PEEL, SUGAR, LEMON OIL, VEGETABLE GUM (GUAR), FRUCTOSE, CHEESECAKE BASE, CORN SYRUP, CREAM CHEESE, PASTEURIZED MILK AND CREAM, CHEESE CULTURE, SALT, CAROB BEAN GUM, DRIED CANE SYRUP, WATER, NATURAL FLAVOR, SALT, PECTIN, COCONUT OIL, WHEY, CREAM, VEGETABLE GUMS, GUAR, CAROB BEAN, MONO AND DIGLYCERIDES, NATURAL FLAVOR, SALT, SUGAR, ANNATTO (FOR COLOR)"
46_breyers,Rocky Road,"Deliciously gooey marshmallow swirled through rich chocolate Breyers® and real, chocolatey-covered almonds. Breyers® Rocky Road is the fastest road to fun! Love Breyers® chocolate ice cream? Well this dessert, made with rich cocoa will be sure to be your new favorite.

Our philosophy is to start with the high quality ingredients to make great tasting ice cream. In our Breyers® Rocky Road we start with 100% Grade A milk and cream from American cows not treated with artificial growth hormones*, colors and flavors from natural sources**, and sustainably farmed fruit and vanilla**.

Give it a try and leave us a review at or follow us @Breyers on Instagram!

*The FDA states that no significant difference has been shown between dairy derived from rBST-treated and non-rBST-treated cows. ** Our product, before the inclusion of any candies, cookies, sauces or fruit from other suppliers, will fully abide by this claim.",3.0,42,"SKIM MILK, CORN SYRUP, WATER, SUGAR, FRUCTOSE, COCONUT OIL, DUTCHED COCOA (PROCESSED WITH ALKALI), CREAM, WHEY, ROASTED ALMONDS, ALMONDS, PEANUT OIL, VEGETABLE GUMS, GUAR, CAROB BEAN, WHEY PROTEIN CONCENTRATE, MONO AND DIGLYCERIDES, COCOA, SALT, SOY LECITHIN, BUTTER OIL, NATURAL FLAVOR, CARRAGEENAN"
47_breyers,Cherry Vanilla,"Take juicy cherries and add smooth and creamy Breyers® vanilla, for a delicious Breyers® Cherry Vanilla. Now that's a refreshingly delicious family-time dessert! Those chunks of juicy cherries are even 100% sustainably farmed and the great vanilla taste? It’s from the sustainable vanilla we source from Madagascar. Our vanilla is also certified by Rainforest Alliance, so you can feel good about helping farmers, while you enjoy your bowl! We believe that the quality of our ingredients makes delicious desserts.

Try Breyers® Cherry Vanilla yourself and leave us a review on ! Or follow us @Breyers on Instagram!",3.0,40,"MILK, SUGAR, CORN SYRUP, CHERRIES, CREAM, WHEY, WATER, PLUM, CHERRY AND BLACK CARROT CONCENTRATES (FOR COLOR), PLUM CONCENTRATE (FOR COLOR), CHERRY CONCENTRATE (FOR COLOR), BLACK CARROT CONCENTRATE (FOR COLOR), VEGETABLE GUMS, CAROB BEAN, GUAR, TARA, MONO AND DIGLYCERIDES, CITRIC ACID, VANILLA BEANS, NATURAL FLAVOR, CARRAGEENAN, VITAMIN A PALMITATE"
48_breyers,Cookies & Cream,"Take a milk and cookie break. Dive into Breyers® rich and creamy vanilla packed with scrumptious, cream-filled chocolate cookie pieces in Breyers® Cookies & Cream! That delicious vanilla taste mixed with chocolate cookies – what a combination!

Our vanilla flavor is pretty special – it’s 100% sustainably farmed in Madagascar and is certified by Rainforest Alliance! We work with Rainforest Alliance to help farmers in Madagascar take care of their farms and families. Find out more about our Vanilla Story at . 100% Grade A milk and cream from American cows not treated with artificial growth hormones*, colors and flavors from natural sources**, and sustainably farmed fruit and vanilla are all part of what makes Breyers® Cookies & Cream delicious!

Give it a try and leave us a review at or follow us @Breyers on Instagram!

*The FDA states that no significant difference has been shown between dairy derived from rBST-treated and non-rBST-treated cows. **Our product, before the inclusion of any candies, cookies, sauces or fruit from other suppliers, will fully abide by this claim. Raspberries are not sustainably farmed.",4.1,22,"MILK, SUGAR, CORN SYRUP, CREAM, WHEAT FLOUR, PALM AND PALM KERNEL OIL, PALM OIL, PALM KERNEL OIL, WHEY, COCOA (PROCESSED WITH ALKALI), VEGETABLE GUMS, CAROB BEAN, GUAR, TARA, MONO AND DIGLYCERIDES, NATURAL FLAVOR, SALT, SODIUM BICARBONATE, SOY LECITHIN, MOLASSES, VITAMIN A PALMITATE"
49_breyers,Chocolate Chip Cookie Dough,"With creamy vanilla and chunks of cookie dough, Breyers® Chocolate Chip Cookie Dough is sure to satisfy any craving! Less bake time, more play time! Chunks of chewy chocolate chip cookie dough folded into Breyers® creamy vanilla make Breyers® Chocolate Chip Cookie Dough a chunky, chewy taste-bud pleaser.

Chunks, chips, and vanilla? Not only delicious, but also made with high quality ingredients like fresh cream, sugar and milk. In fact, our milk and cream is 100% Grade A from American cows not treated with artificial growth hormones*.

Try Breyers® Chocolate Chip Cookie Dough and let us know what you think at !

*The FDA states that no significant difference has been shown between dairy derived from rBST-treated and non-rBST-treated cows.",1.2,89,"MILK, SUGAR, CORN SYRUP, CREAM, ENRICHED WHEAT FLOUR, WHEAT FLOUR, NIACIN, REDUCED IRON, THIAMINE MONONITRATE (VITAMIN B1), RIBOFLAVIN (VITAMIN B2), FOLIC ACID, WHEY, PALM OIL, COCONUT OIL, COCOA POWDER (PROCESSED WITH ALKALI), SOYBEAN OIL, CHOCOLATE LIQUOR, RICE FLOUR, COCOA BUTTER, MOLASSES, SALT, NATURAL FLAVOR, VEGETABLE GUMS, CAROB BEAN, GUAR, TARA, MONO AND DIGLYCERIDES, BAKING SODA, VANILLA BEANS, MILK FAT, SOY LECITHIN, ANNATTO (FOR COLOR), VITAMIN A PALMITATE"
50_breyers,Non-Dairy OREO® Cookies & Cream,"Love ice cream but can’t stomach the dairy? Have no fear! Breyers® Non-Dairy OREO® Cookies & Cream is here! Made with real almond milk and filled with loads of 100% REAL OREO® cookies – there’s no milk in sight. If you’re anything like us, you love Breyers® vanilla and OREO® cookies. So why not combine your love into one tub with Breyers® Non-Dairy OREO® Cookies & Cream? And now, even those who usually shy away from delicious ice cream can rejoice and join in!

Really, who can say there’s ever too much of a good thing – like OREO® cookies and Non-Dairy Breyers®? Rich, creamy vanilla goodness surrounds those chunks of real OREO® cookies and will be sure to bring a smile to your face. We hope you agree that our Non-Dairy frozen almond milk dessert packed with OREO® cookies is simply a delightful treat. Give it a try and leave us a review at .",4.5,157,"ALMOND MILK, WATER, ALMONDS, LIQUID SUGAR, SUGAR, WATER, OREO COOKIE PIECES, UNBLEACHED ENRICHED FLOUR, WHEAT FLOUR, NIACIN, REDUCED IRON, THIAMIN MONONITRATE (VITAMIN B1), RIBOFLAVIN (VITAMIN B2), FOLIC ACID, SUGAR, AND/OR PALM OIL, AND/OR CANOLA OIL, COCOA PROCESSED WITH ALKALI, INVERT SUGAR, LEAVENING, AND/OR BAKING SODA, AND/OR CALCIUM PHOSPHATE, SOYBEAN LECITHIN, SALT, CHOCOLATE, NATURAL FLAVOR, COCONUT OIL, CORN SYRUP, PEA PROTEIN, VEGETABLE GUMS, CAROB BEAN, GUAR, MONO AND DIGLYCERIDES, NATURAL FLAVOR (COCONUT)"
51_breyers,Coffee,"Enjoy Breyers® Coffee by the scoop and brew up good times! This delicious treat is made with fresh cream and rich, roasted Colombian coffee. Smooth and creamy, it’s a coffee lovers dream come true.

Part of what makes Breyers® Coffee so good is the high quality ingredients that we put into it! Through our partnership with American farmers we use 100% Grade A milk and cream from cows not treated with artificial growth hormones*. We start with ingredients like fresh cream, sugar, and milk, colors and flavors from natural sources, and 100% sustainably farmed fruit and vanilla.

Try Breyers® Coffee and let us know what you think at or follow us @Breyers on Instagram!

*The FDA states that no significant difference has been shown between dairy derived from rBST-treated and non-rBST-treated cows. Enjoy Breyers® Coffee by the scoop and brew up good times! This frozen treat is made with fresh cream and rich, roasted Colombian coffee.",2.4,52,"MILK, CORN SYRUP, SUGAR, CREAM, COFFEE EXTRACT, WHEY, VEGETABLE GUMS, CAROB BEAN, TARA, GUAR, MONO AND DIGLYCERIDES, NATURAL FLAVOR, VITAMIN A PALMITATE, ANNATTO (FOR COLOR)"
52_breyers,Vanilla Chocolate,"Breyers® Natural Vanilla ice cream and Breyers® Chocolate ice cream, together in one tub? It’s the best of both worlds! No need to choose your favorite dessert, when you can have both in one scoop.

It’s the simplicity of Natural Vanilla made with real Madagascar vanilla bean specks and Chocolate made with real cocoa. We believe that it’s the quality of our ingredients that makes great tasting ice cream. Just like William Breyer who, in 1866, started his ice cream operation in Philadelphia, we today also follow a commitment to high quality ingredients. More than 150 years later and we are still making your favorite Natural Vanilla and Chocolate with high quality ingredients.

Breyers® Vanilla Chocolate is also made with Non-GMO sourced ingredients. We start with 100% Grade A milk and cream from American cows not treated with artificial growth hormones*. We partner with our farmers all over the U.S. because milk and fresh cream are so important in our ice cream flavors and the taste you love.

Share your love for Breyers® Vanilla Chocolate at or follow us @Breyers on Instagram!

*The FDA states that no significant difference has been shown between dairy derived from rBST-treated and non-rBST-treated cows.",4.6,95,"MILK, CREAM, SUGAR, WHEY, DUTCHED COCOA (PROCESSED WITH ALKALI), VEGETABLE GUMS, TARA, CAROB BEAN, NATURAL FLAVOR"
53_breyers,Chocolate Chip,"Chip out with rich and creamy vanilla Breyers® mixed with rich chocolatey chips! Breyers® Chocolate Chip, for those days when you don’t want something too complicated. The simplicity of vanilla and chocolate, in just the right combination, hits the spot!

Love that vanilla flavor? Well, its actually 100% sustainably farmed and comes from Madagascar. It’s even certified by Rainforest Alliance, so you can know that you’re doing a little bit of good for those farmers, with every bowl. Our vanilla is not the only special part of Breyers® Chocolate Chip. We partner with American farmers for 100% Grade A milk and cream from cows not treated with artificial growth hormones*. We believe that the quality of our ingredients makes delicious desserts.

Try Breyers® Chocolate Chip yourself and leave us a review on ! Or follow us @Breyers on Instagram!

*The FDA states that no significant difference has been shown between dairy derived from rBST-treated and non-rBST-treated cows.",3.8,30,"SKIM MILK, CORN SYRUP, SUGAR, FRUCTOSE, COCONUT OIL, DUTCHED COCOA (PROCESSED WITH ALKALI), CREAM, WHEY, MONO AND DIGLYCERIDES, VEGETABLE GUMS, GUAR, CAROB BEAN, MILK FAT, VANILLA BEANS, NATURAL FLAVOR, SOY LECITHIN"
54_breyers,Extra Creamy Chocolate,"Breyers® Extra Creamy Chocolate is our creamiest chocolate. Fresh cream and real cocoa come together to make your favorite treat creamier than ever before! Add it to Brownie Bowl Sundaes, Hot Fudge Sundaes, or blend it into a Creamy Chocolate Mojito Shake. Extra Creamy Chocolate makes them all extra dreamy.

Part of our secret, is the quality of the milk and cream that we use to make our ice cream desserts! We start with 100% Grade A milk and cream from American cows not treated with artificial growth hormones*. We partner with our farmers all over the U.S. because milk and fresh cream are so important in our ice cream flavors and the taste you love.

Try Breyers® Extra Creamy Chocolate yourself and see if you can scoop up some smiles in your family. Want to give your dessert a twist? Check out our recipes at for fun and easy ideas! Or follow us @Breyers on Instagram!

*The FDA states that no significant difference has been shown between dairy derived from rBST-treated and non-rBST-treated cows.",3.1,13,"MILK, SUGAR, CORN SYRUP, CREAM, DUTCHED COCOA (PROCESSED WITH ALKALI), WHEY, VEGETABLE GUMS, CAROB BEAN, GUAR, TARA, MONO AND DIGLYCERIDES, VITAMIN A PALMITATE, NATURAL FLAVOR"
55_breyers,Black Raspberry Chocolate,"Mouth-watering black raspberry swirls and rich chocolatey chips come together to make Breyers® Black Raspberry Chocolate a luscious treat. Raspberries and chocolate go hand in hand, so our Black Raspberry Chocolate frozen dessert is a must to try.

Though deliciously pink, our products are made with only colors and flavors from natural sources*. We start with ingredients like fresh cream, sugar, and milk to make Black Raspberry Chocolate extra special. Breyers® Black Raspberry Chocolate combines fruit and chocolate in the best way!",4.4,38,"MILK, SUGAR, CORN SYRUP, CREAM, BLACK RASPBERRY PUREE, RASPBERRY PUREE, COCONUT OIL, WHEY, DUTCHED COCOA (PROCESSED WITH ALKALI), WATER, FRUIT AND VEGETABLE JUICE (FOR COLOR), VEGETABLE GUMS, CAROB BEAN, GUAR, TARA, NATURAL FLAVOR, CITRIC ACID, MONO AND DIGLYCERIDES, PECTIN, SOY LECITHIN, VITAMIN A PALMITATE"
56_breyers,Chocolate Truffle,"It’s every chocolate-lover’s dream! Savor the creamy, delicious taste of Breyers® dark chocolate ice cream and pieces of dark chocolate truffles in every bite of Breyers® Chocolate Truffle!

Chocolate on chocolate – what could be better? Breyers® Chocolate Truffle is made with real cocoa and 100% Grade A milk and cream from American cows not treated with artificial growth hormones*.

We hope you give Breyers® Chocolate Truffle a try and agree. Leave us a review at to let us know!

*The FDA states that no significant difference has been shown between dairy derived from rBST-treated and non-rBST-treated cows.",4.5,45,"MILK, CREAM, SUGAR, DUTCHED COCOA (PROCESSED WITH ALKALI), CORN SYRUP, COCONUT OIL, WHEY, CANOLA OIL, VEGETABLE GUMS, CAROB BEAN, TARA, GUAR, MONO AND DIGLYCERIDES, SALT, COCOA, SOY LECITHIN, NATURAL FLAVOR, ANNATTO (FOR COLOR)"
57_breyers,Salted Caramel,"Torn between sweet or salty for dessert? Give in to the perfect balance between the two with Breyers® Salted Caramel. Savor a scoop of smooth salted caramel goodness wrapped with a gooey salted caramel swirl for the ultimate salted caramel indulgence.

Have a sensitivity to gluten? No worries! Breyers® Salted Caramel and that delicious sea salt caramel swirl is gluten free! We care about the quality of the ingredients that use in our products and that’s why we have a Pledge to use high quality ingredients like 100% Grade A milk and cream from American cows not treated with artificial growth hormones*, colors and flavors from natural sources, and sustainably farmed fruit and vanilla**. We think it’s what makes Breyers® so good, and we hope you agree.

Give Breyers® Salted Caramel a try and leave us a review on or follow us @Breyers on Instagram!

*The FDA states that no significant difference has been shown between dairy derived from rBST-treated and non-rBST-treated cows. **Our product, before the inclusion of any candies, cookies, sauces or fruit from other suppliers, will fully abide by this claim. Raspberries are not sustainably farmed.",3.9,20,"MILK, CORN SYRUP, SUGAR, CREAM, WHEY, BUTTER, CREAM, SALT, SKIM MILK, VEGETABLE GUMS, CAROB BEAN, TARA, GUAR, MONO AND DIGLYCERIDES, CARAMEL (FOR COLOR), SALT, SEA SALT, CARRAGEENAN, SODIUM BICARBONATE, NATURAL FLAVOR, VITAMIN A PALMITATE, ANNATTO (FOR COLOR), WATER"
58_breyers,Ice Cream Cake,"Breyers® Ice Cream Cake is bite after bite of one of America's favorite party treats. Between layers of our signature Breyers® Natural Vanilla ice cream, is Breyers® Chocolate Ice Cream, bursting with loads of chocolatey crunchies. It's the perfect treat for even the smallest occasion.

Our vanilla is 100% sustainably sourced and through our partnership with Rainforest Alliance so your Breyers® Ice Cream Cake is also supporting farmers and their families in Madagascar. We believe that the quality of our ingredients makes the delicious vanilla desserts, and that’s why we use 100% Grade A milk and cream from American cows not treated with artificial growth hormones* and sustainably farmed fruit and vanilla**. Make it a party and try our Breyers® Ice Cream Cake for your next celebration!

*The FDA states that no significant difference has been shown between dairy derived from rBST-treated and non-rBST-treated cows. **Our product, before the inclusion of any candies, cookies, sauces or fruit from other suppliers, will fully abide by this claim. Raspberries are not sustainably farmed.",4.1,69,"MILK, SUGAR, SUGAR, CHOCOLATE COOKIE PIECES, ENRICHED FLOUR, WHEAT FLOUR, NIACIN, REDUCED IRON, THIAMINE MONONITRATE, RIBOFLAVIN, FOLIC ACID, SUGAR, VEGETABLE OIL, PALM OIL, SOYBEAN OIL, DUTCHED COCOA (PROCESSED WITH ALKALI), DRIED CANE SYRUP, VANILLA, CORNSTARCH, SODIUM BICARBONATE, SALT, SOY LECITHIN, COCONUT OIL, DUTCHED COCOA (PROCESSED WITH ALKALI), COCOA, SOY LECITHIN, NATURAL FLAVORS, MILK, CORN SYRUP, CREAM, WHEY, COCOA PROCESSED WITH ALKALI, VEGETABLE GUMS, CAROB BEAN, GUAR, TARA, MONO AND DIGLYCERIDES, VANILLA BEANS, NATURAL FLAVOR, VANILLA EXTRACT, VITAMIN A PALMITATE"
59_breyers,Coconut Fudge,"Sweet, creamy coconut and coconut pieces get delicious with chocolatey fudge swirled throughout Breyers® Coconut Fudge. It's the best of both worlds!

Need a tropical escape with some chocolate swirled in? Here it is! We can almost feel the ocean breeze. While you’re imagining being by the beach, take note that Breyers® is made with 100% Grade A milk and cream from American cows not treated with artificial growth hormones*. We believe that it’s our high quality ingredients that make Breyers® Coconut Fudge so great! We hope you agree.

Give it a try and leave us a review at or follow us @Breyers on Instagram!

*The FDA states that no significant difference has been shown between dairy derived from rBST-treated and non-rBST-treated cows.",4.4,19,"SKIM MILK, CORN SYRUP, WATER, FRUCTOSE, SUGAR, COCONUT OIL, COCONUT, DUTCHED COCOA (PROCESSED WITH ALKALI), CREAM, WHEY, VEGETABLE GUMS, GUAR, CAROB BEAN, MONO AND DIGLYCERIDES, UNSWEETENED CHOCOLATE, COCOA BUTTER, MILK FAT, COCOA, NATURAL FLAVOR, SOY LECITHIN, PGPR, COCONUT EXTRACT"
60_breyers,Chocolate Peanut Butter,"Delicious Breyers® Chocolate Ice Cream is thoroughly swirled through with real peanut butter, making Chocolate Peanut Butter one spoon-lickin' good ice cream, perfect for sharing….or not! It’s the Breyers® Chocolate ice cream you love with swirls of peanut butter. What could go wrong?

We start with fresh cream, sugar, and milk and real cocoa. We’re obsessed with the quality of the ingredients that we put into our desserts and that’s why we partner with American farmers for 100% Grade A milk and cream.

We hope you give Breyers® Chocolate Peanut Butter a try and agree. Leave us a review at to let us know!",4.4,143,"MILK, CREAM, SUGAR, PEANUTS, CORN SYRUP, DUTCHED COCOA (PROCESSED WITH ALKALI), WHEY, SALT, PEANUT OIL, VEGETABLE GUMS, CAROB BEAN, TARA, GUAR, MONO AND DIGLYCERIDES, NATURAL FLAVOR, ANNATTO (FOR COLOR)"
61_breyers,Natural Vanilla Snack Cups 10ct,"Discover Breyers® Vanilla Ice Cream Snack Cups. Enjoy the delicious taste of America's favorite vanilla in a perfectly portioned 3 ounce serving.

What could be simpler than using ingredients like fresh cream, sugar, and milk? To make things even sweeter, the milk and cream are 100% Grade A and come from American cows not treated with artificial growth hormones*. We partner with our farmers all over America because milk and fresh cream are so important in one of our most popular ice cream flavors and the taste you love.Do you see those specks? Those are real vanilla beans.

That heavenly vanilla in Natural Vanilla is also 100% sustainably sourced, so you can enjoy it even more, knowing that you’re supporting farmers and their families in Madagascar through our partnership with the Rainforest Alliance. We believe that the quality of our ingredients makes the most delicious vanilla ice cream.

Try Breyers® Natural Vanilla yourself and see if you those vanilla specks and refreshing milk and cream can scoop up some smiles in your family. Want to give your dessert a twist? Check out our recipes at for fun and easy ideas!

*The FDA states that no significant difference has been shown between dairy derived from rBST-treated and non-rBST-treated cows.",4.6,28,"MILK, CREAM, SUGAR, WATER, VEGETABLE GUM (TARA), NATURAL FLAVOR"
62_breyers,Butterscotch Blondie,"Sweet blondie pieces scattered throughout subtle vanilla bring out the brown sugar and butter flavors of butterscotch. Breyers® Butterscotch Blondie is a butterscotch lover’s dream! How sweet it is to bite into pieces of blondies! And it’s even sweeter knowing that we put high quality ingredients into every tub.

Our milk and cream is 100% Grade A and comes from American cows not treated with artificial growth hormones*. We believe that the quality of our ingredients makes delicious desserts.

We hope that you try our Breyers® Butterscotch Blondie and agree! Let us know by leaving a review at or follow us @Breyers on Instagram for the latest news and products!

*The FDA states that no significant difference has been shown between dairy derived from rBST-treated and non-rBST-treated cows.",3.5,20,"MILK, SUGAR, CORN SYRUP, CREAM, BROWN SUGAR, WHEAT FLOUR, WHEY, EGG, BUTTER, CREAM, SALT, SOYBEAN OIL, VEGETABLE GUMS, CAROB BEAN, GUAR, TARA, MONO AND DIGLYCERIDES, CARAMEL (FOR COLOR), NATURAL FLAVOR, BAKING POWDER, SODIUM ACID PYROPHOSPHATE, SODIUM BICARBONATE, CORN STARCH, MONOCALCIUM PHOSPHATE, SALT, VITAMIN A PALMITATE"
63_breyers,Chocolate Snack Cups 10ct,"Breyers® Chocolate ice cream - rich, creamy, with just the right amount of sweetness and real cocoa! Who can resist? It’s deliciously snackable in a perfectly portioned 3 fl oz. serving ice cream cup.

America loves chocolate ice cream and so do we! That fresh cream taste in Breyers® Chocolate ice cream is thanks in part to our partnerships with American farmers, who ensure the highest quality of dairy for our desserts.

And that rich chocolate satisfying your taste buds? That’s real cocoa we use. In fact, we only use real ingredients and colors and flavors from natural sources. Starting with real high quality ingredients is what we think makes the best chocolate ice cream.

Try it and see if you agree! Or give Breyers® Chocolate a twist with one of our fun recipes at .

*The FDA states that no significant difference has been shown between dairy derived from rBST-treated and non-rBST-treated cows.",4.9,26,"MILK, CREAM, SUGAR, WATER, DUTCHED COCOA (PROCESSED WITH ALKALI), WHEY, VEGETABLE GUM (TARA), NATURAL FLAVOR"
64_breyers,CINNABON®,"Calling all cinnamon roll lovers! We teamed up with CINNABON®, one of our favorite treats, to create our bakery-inspired Breyers® CINNABON®.

Bring home the magic of CINNABON® and Breyers® with swirls of gooey cinnamon roll flavor and delicious dough bites in a sweet cinnamon flavored base. It’s a twist on your classic CINNABON® cinnamon roll that will take your senses on a tasty trip.

Not only delicious, but also made with high quality ingredients like fresh cream, sugar and milk. In fact, our milk and cream is 100% Grade A from American cows not treated with artificial growth hormones*. We use colors and flavors from natural sources and only sustainably farmed fruit and vanilla**. Our commitment to using high quality ingredients goes back more than 150 years to give you a great tasting dessert.

Try out our Breyers® CINNABON® and let us know what you think at !

*The FDA states that no significant difference has been shown between dairy derived from rBST-treated and non-rBST-treated cows. ** Our product, before the inclusion of any candies, cookies, sauces or fruit from other suppliers, will fully abide by this claim. Raspberries are not sustainably farmed.",4.0,28,"MILK, CORN SYRUP, SUGAR, BROWN SUGAR, SOYBEAN OIL, WATER, BUTTER, CREAM, SALT, CORN SYRUP, SPICE, SALT, SOYBEAN LECITHIN, VANILLA EXTRACT, DRIED CANE SYRUP, UNBLEACHED UNENRICHED WHEAT FLOUR, COCONUT OIL, WATER, BUTTER, CREAM, SALT, MOLASSES, SODIUM BICARBONATE, SPICE, CORN SYRUP, SOY LECITHIN, SALT, FRUCTOSE, COCONUT OIL, WHEY, CREAM, VEGETABLE GUMS, GUAR, CAROB BEAN, MONO AND DIGLYCERIDES, NATURAL FLAVOR"
65_breyers,CarbSmart™ Caramel Swirl Bar,"Watching your grams of sugar or carbs? Try our Breyers® CarbSmart™ Caramel Swirl Bars, with 60 calories, 4g net carbs, 4g sugar, and 3g fiber+ per serving! Sometimes, you just need a treat that you can grab and go and maybe even eat in four bites!

We start with fresh 100% Grade A cream from American cows not treated with artificial growth hormones*. Our fruit and vanilla is sustainably farmed and we only use colors and flavors from natural sources. So, while you’re walking around and enjoying the 4 grams of sugar of a Breyers® CarbSmart™ Caramel Swirl Bar, you know that even after more than 150 years, we’re following the spirit of William’s Pledge of Purity.

We hope that you give our Caramel Swirl Bars a try and see if you love them! Or, give our other flavors a try like Almond Bars, Vanilla Bars, and our Fudge Bars!

*The FDA states that no significant difference has been shown between dairy derived from rBST-treated and non-rBST-treated cows. +SEE NUTRITION FACTS FOR MORE INFORMATION +NET CARBS ARE CALCULATED BY SUBTRACTING TOTAL DIETARY FIBER AND SUGAR ALCOHOL FROM TOTAL CARBOHYDRATES",4.7,18,"MILK, WATER, CARAMEL SWIRL, SUGAR, WATER, CORN SYRUP, HIGH FRUCTOSE CORN SYRUP, NONFAT MILK SOLIDS, BUTTER, CREAM, SALT, SALT, MOLASSES, PECTIN, SOY LECITHIN, NATURAL FLAVOR, POTASSIUM SORBATE (PRESERVATIVE), SODIUM CITRATE, LACTIC ACID, MALTITOL SYRUP, POLYDEXTROSE, COCONUT OIL, WHEY, GLYCERIN, CREAM, SOLUBLE CORN FIBER, VEGETABLE GUMS, CAROB BEAN GUM, GUAR GUM, CARAMEL (FOR COLOR), MONO AND DIGLYCERIDES, NATURAL FLAVOR, ACESULFAME POTASSIUM, SUCRALOSE"
66_breyers,Layered Dessert S'mores,"Calling all S'mores lovers! Make sure you don't miss out on our Layered Dessert S'mores. We start with smooth Breyers® and stir in sweet graham pieces between two layers of chocolate with marshmallows.

Not only delicious, but also made with high quality ingredients like fresh cream, sugar and milk. In fact, our milk and cream is 100% Grade A from American cows not treated with artificial growth hormones*. Our commitment to using high quality ingredients goes back more than 150 years to give you a great tasting dessert.

Try Breyers® Layered Dessert S'mores and let us know what you think at !

*The FDA states that no significant difference has been shown between dairy derived from rBST-treated and non-rBST-treated cows.",2.5,31,"MILK, CORN SYRUP, SUGAR, WHEAT FLOUR, BUTTER, CREAM (MILK), SALT, PALM OIL, CORN SYRUP, NONFAT MILK, WATER, RICE FLOUR, NATURAL FLAVORS, SALT, WHEAT FLOUR, SUGAR, PALM OIL, MOLASSES, SPICES, SALT, BAKING SODA, NATURAL FLAVOR, SOYBEAN LECITHIN, FRUCTOSE, COCONUT OIL, DUTCHED COCOA (PROCESSED WITH ALKALI), WHEY, CREAM, VEGETABLE GUMS, GUAR, CAROB BEAN, MONO AND DIGLYCERIDES, NATURAL FLAVOR, VANILLA EXTRACT"
67_breyers,Layered Dessert Peach Cobbler,"Love peach cobbler topped with Breyers®? Then make sure you don't miss out on our Limited Edition Peach Cobbler Layered Dessert. We start with smooth Breyers® and stir in real buttery shortbread pieces between two layers of peach with peach pieces. The experience of peach cobbler topped with Breyers, all in one scoop!

Not only delicious, but also made with high quality ingredients like fresh cream, sugar and milk. In fact, our milk and cream is 100% Grade A from American cows not treated with artificial growth hormones*. We use colors and flavors from natural sources and only sustainably farmed fruit and vanilla**.

Try Breyers® Layered Dessert Peach Cobbler and let us know what you think at !

*The FDA states that no significant difference has been shown between dairy derived from rBST-treated and non-rBST-treated cows. **In Breyers® Cookies & Candies, our product, before the inclusion of other cookies, candies, sauces or fruit from other suppliers, will abide by this claim. Raspberries are not sustainably farmed.",3.2,38,"MILK, CORN SYRUP, ENRICHED WHEAT FLOUR, WHEAT FLOUR, NIACIN, REDUCED IRON, THIAMIN MONONITRATE, RIBOFLAVIN, FOLIC ACID, SUGAR, BUTTER, CREAM, SALT, CANOLA OIL, SKIM MILK POWDER, SALT, SODIUM BICARBONATE, PEACHES, FRUCTOSE, COCONUT OIL, SUGAR, WHEY, CREAM, VEGETABLE GUMS, GUAR GUM, CAROB BEAN GUM, TARA GUM, MONO AND DIGLYCERIDES, NATURAL FLAVOR, VANILLA BEANS, ANNATTO (FOR COLOR), VANILLA EXTRACT"
68_breyers,Layered Dessert Brownie Cheesecake,"Love brownie cheesecake? What about Breyers®? Now you can get both delicious desserts in just one scoop! We start with smooth cheesecake Breyers® and stir in real cheesecake pieces and surround it by two layers of chocolate with brownies.

Not only delicious, but also made with high quality ingredients like fresh cream, sugar and milk. In fact, our milk and cream is 100% Grade A from American cows not treated with artificial growth hormones*. We use colors and flavors from natural sources and only sustainably farmed fruit and vanilla**. Our commitment to using high quality ingredients goes back more than 150 years to give you a great tasting dessert.

Make sure you don't miss out on our Breyers® Layered Dessert Brownie Cheesecake. Try it and let us know what you think at !

*The FDA states that no significant difference has been shown between dairy derived from rBST-treated and non-rBST-treated cows. **Our product, before the inclusion of any candies, cookies, sauces or fruit from other suppliers, will fully abide by this claim. Raspberries are not sustainably farmed.",2.8,25,"MILK, CORN SYRUP, SUGAR, ENRICHED WHEAT FLOUR, WHEAT FLOUR, NIACIN, REDUCED IRON, THIAMINE MONONITRATE (VITAMIN B1), RIBOFLAVIN (VITAMIN B2), FOLIC ACID, POWDERED SUGAR, SUGAR, CORNSTARCH, COCOA (PROCESSED WITH ALKALI), WATER, PALM KERNEL OIL, SOYBEAN OIL, NONFAT DRY MILK, SOY LECITHIN (EMULSIFIER), NATURAL FLAVORS, FRUCTOSE, CHEESECAKE PIECES WITH GRAHAM CRUST, CREAM CHEESE, PASTEURIZED MILK, CREAM, CHEESE CULTURES, SALT, CAROB BEAN GUM, SUGAR, PASTEURIZED WHOLE EGGS, GRAHAM CRUMB, UNBLEACHED UNENRICHED WHEAT FLOUR, WHOLE WHEAT/GRAHAM FLOUR, SUGAR, CANOLA OIL, MOLASSES, HONEY, SALT, SODIUM BICARBONATE, CORNSTARCH, PALM OIL, NATURAL FLAVOR, SWEETENED LEMON ZEST, LEMON PEEL, SUGAR, LEMON OIL, GUAR GUM, COCONUT OIL, DUTCHED COCOA (PROCESSED WITH ALKALI), WHEY, CREAM, CREAM CHEESE, PASTEURIZED MILK, CREAM, CHEESE CULTURES, SALT, CAROB BEAN GUM, DRIED CANE SYRUP, VEGETABLE GUMS, GUAR, CAROB BEAN GUM, MONO AND DIGLYCERIDES, NATURAL FLAVOR, SALT, PECTIN, SUGAR, ANNATTO (FOR COLOR)"
